id,phone_number
device1,(510) 378-8387
device2,(805) 447-1000
device3,3108082222
device4,(650) 944-6000
device5,(480) 627-4427
device6,(405) 641-1629
device7,(800) 847-2911
device8,(319) 398-8511
device9,(212) 559-1000
device10,(713) 876-1966
device11,(647) 287-1764
device12,(720) 840-6984
device13,+91 95 60602621
device14,(917) 891-5490
device15,(973) 686-5007
device16,+1 (914) 249-5743
device17,+1 636 980 6639
device18,8.18E+11
device19,-7665
device20,+81 (80) 1182-6159
device21,+1 310 347 8902
device24,+1 (516) 423 1200
device25,+1 (650) 743-0004
device26,+1 (650) 799-7020
device27,(800) 847-2911
device28,+1 415 205-9363
device29,9.73E+11
device30,(408) 535-1500
device31,-11012
device32,(408) 535-1500
device33,(650) 944-6000
device34,(650) 506-7000
device35,(781) 494-5800
device36,(212) 897-6900
device37,(925) 283-9555
device38,(440) 352-8444
device39,(503) 790-2500
device40,(800) 325-2424
device41,(703) 984-8400
device42,(323) 655-5789
device43,(206) 973-5100
device46,(323) 655-5789
device47,(323) 655-5789
device48,(703) 224-1000
device49,(479) 273-4000
device50,(408) 383-9200
device51,+44 2071-665500
device52,(416) 734-1000
device53,(800) 847-2911
device54,(714) 566-1000
device55,(281) 583-4400
device56,(212) 559-1000
device57,(800) 543-3562
device58,(650) 857-1501
device59,(408) 536-6000
device60,(650) 621-7700
device61,(323) 655-5789
device62,949-231-8188
device63,-7934
device64,-14428
device65,(650) 787-1459
device68,(415) 848-8400
device69,(415) 357-7600
device70,507519999
device71,(331) 332-2547
device72,(714) 250-3000
device73,(714) 250-3000
device74,(714) 250-3000
device75,(714) 250-3000
device76,(888) 546-5118
device77,(212) 323-0200
device78,(650) 432-3495
device79,(800) 847-2911
device80,617.945.0108
device81,(212) 395-1000
device82,(203) 912-1859
device83,(203) 249-6367
device84,(203) 810-1000
device85,(212) 553-1653
device86,(212) 484-8000
device87,(323) 985-8000
device88,(224) 521-8000
device89,(720) 332-1000
device90,(303) 248-6708
device91,-412003
device92,(619) 729-7723
device93,-13418934596
device96,(425) 378-4000
device97,(365) 165-1776
device98,(212) 761-4000
device99,(703) 861-3608
device100,(202) 358-1580
device101,(805) 447-1000
device102,+44 20 7888-8888
device103,(805) 557-2300
device104,(816) 588-3558
device105,(818) 599-2280
device106,(205) 268-1000
device107,(714) 250-3000
device108,(952) 591-3000
device109,(480) 677-0682
device110,(480) 370-4595
device111,6129861552
device112,(925) 279-2300
device115,(408) 299-5001
device116,(408) 967-1000
device117,(646) 823-9527
device118,(212) 401-8700
device119,(334) 303-4533
device120,(703) 919-7925
device121,(408) 299-5001
device122,(210) 821-4105
device123,(703) 375-9507
device124,(888) 762-2265
device125,(412) 467-1059
device126,(562) 435-3666
device127,(405) 848-8000
device128,(800) 847-2911
device129,(212) 401-8700
device130,(405) 848-8000
device131,(908) 740-4000
device132,(212) 855-1000
device133,(800) 847-2911
device134,240-344-8986
device135,(203) 810-1000
device136,(702) 891-1111
device137,(702) 891-1111
device138,(206) 972-6600
device140,(318) 388-9000
device141,(318) 388-9000
device142,(310) 783-2000
device143,(800) 511-2265
device144,(415) 507-5000
device145,+86 183817054866
device146,+86 18101880503
device147,(702) 891-1111
device148,7176683048
device149,(804) 747-0422
device150,(571) 419-4355
device151,2029972736
device152,(860) 277-0111
device153,(804) 432-8850
device154,alec.shuldiner@autodesk.com
device155,(805) 447-1000
device156,(817) 928-1500
device157,(213) 427-4233
device158,(415) 507-5000
device159,(212) 761-4000
device160,(425) 256-8000